-- phpMyAdmin SQL Dump
-- version 5.2.1
-- https://www.phpmyadmin.net/
--
-- Host: 127.0.0.1
-- Generation Time: Feb 29, 2024 at 04:45 AM
-- Server version: 10.4.32-MariaDB
-- PHP Version: 8.1.25

SET SQL_MODE = "NO_AUTO_VALUE_ON_ZERO";
START TRANSACTION;
SET time_zone = "+00:00";


/*!40101 SET @OLD_CHARACTER_SET_CLIENT=@@CHARACTER_SET_CLIENT */;
/*!40101 SET @OLD_CHARACTER_SET_RESULTS=@@CHARACTER_SET_RESULTS */;
/*!40101 SET @OLD_COLLATION_CONNECTION=@@COLLATION_CONNECTION */;
/*!40101 SET NAMES utf8mb4 */;

--
-- Database: `perpus_digital`
--

-- --------------------------------------------------------

--
-- Table structure for table `buku`
--

CREATE TABLE `buku` (
  `BukuID` int(11) NOT NULL,
  `Judul` varchar(255) DEFAULT NULL,
  `Penulis` varchar(255) DEFAULT NULL,
  `Penerbit` varchar(255) DEFAULT NULL,
  `TahunTerbit` int(11) DEFAULT NULL
) ENGINE=InnoDB DEFAULT CHARSET=utf8mb4 COLLATE=utf8mb4_general_ci;

--
-- Dumping data for table `buku`
--

INSERT INTO `buku` (`BukuID`, `Judul`, `Penulis`, `Penerbit`, `TahunTerbit`) VALUES
(1, 'Laskar Pelangi', 'Andrea Hirata', 'Bentang Pustaka', 2005),
(3, 'Rumah kaca', ' Pramoedya Anata Toer', 'Lentera Dipantara', 2006),
(4, 'Akhlak Bernegara Hukum', 'Sudjito Atmoredjo', 'CV Istana Agency', 2021),
(5, 'Ender’s Game', 'Orson Scott Card', 'Science Fiction & Fact', 1985),
(9, 'kancil', 'abi', 'roy', 2001);

-- --------------------------------------------------------

--
-- Table structure for table `kategoribuku`
--

CREATE TABLE `kategoribuku` (
  `KategoriID` int(11) NOT NULL,
  `NamaKategori` varchar(255) DEFAULT NULL
) ENGINE=InnoDB DEFAULT CHARSET=utf8mb4 COLLATE=utf8mb4_general_ci;

--
-- Dumping data for table `kategoribuku`
--

INSERT INTO `kategoribuku` (`KategoriID`, `NamaKategori`) VALUES
(1, 'Fiksi'),
(3, 'Non-Fiksi'),
(4, 'Fiksi Ilmiah'),
(5, 'Pelajaran');

-- --------------------------------------------------------

--
-- Table structure for table `kategoribuku_relasi`
--

CREATE TABLE `kategoribuku_relasi` (
  `KategoriBukuID` int(11) NOT NULL,
  `BukuID` int(11) NOT NULL,
  `KategoriID` int(11) NOT NULL
) ENGINE=InnoDB DEFAULT CHARSET=utf8mb4 COLLATE=utf8mb4_general_ci;

--
-- Dumping data for table `kategoribuku_relasi`
--

INSERT INTO `kategoribuku_relasi` (`KategoriBukuID`, `BukuID`, `KategoriID`) VALUES
(1, 1, 1),
(3, 3, 1),
(4, 4, 3),
(5, 5, 4),
(6, 9, 1);

-- --------------------------------------------------------

--
-- Table structure for table `koleksipribadi`
--

CREATE TABLE `koleksipribadi` (
  `KoleksiID` int(11) NOT NULL,
  `UserID` int(11) NOT NULL,
  `BukuID` int(11) NOT NULL
) ENGINE=InnoDB DEFAULT CHARSET=utf8mb4 COLLATE=utf8mb4_general_ci;

--
-- Dumping data for table `koleksipribadi`
--

INSERT INTO `koleksipribadi` (`KoleksiID`, `UserID`, `BukuID`) VALUES
(2, 4, 1),
(4, 5, 1),
(5, 1, 1),
(6, 1, 5),
(7, 1, 4),
(8, 1, 5),
(9, 1, 5);

-- --------------------------------------------------------

--
-- Table structure for table `peminjaman`
--

CREATE TABLE `peminjaman` (
  `PeminjamanID` int(11) NOT NULL,
  `UserID` int(11) NOT NULL,
  `BukuID` int(11) NOT NULL,
  `TanggalPeminjaman` date DEFAULT NULL,
  `TanggalPengembalian` date DEFAULT NULL,
  `StatusPeminjaman` varchar(50) DEFAULT NULL
) ENGINE=InnoDB DEFAULT CHARSET=utf8mb4 COLLATE=utf8mb4_general_ci;

--
-- Dumping data for table `peminjaman`
--

INSERT INTO `peminjaman` (`PeminjamanID`, `UserID`, `BukuID`, `TanggalPeminjaman`, `TanggalPengembalian`, `StatusPeminjaman`) VALUES
(1, 1, 1, '2024-02-22', '2024-02-22', 'Sudah di Kembalikan'),
(2, 4, 1, '2024-02-22', '2024-02-22', 'Sudah di Kembalikan'),
(3, 5, 1, '2024-02-22', NULL, 'Belum di Kembalikan'),
(4, 1, 1, '2024-02-23', '2024-02-23', 'Sudah di Kembalikan'),
(5, 1, 5, '2024-02-26', '2024-02-26', 'Sudah di Kembalikan'),
(6, 1, 4, '2024-02-26', NULL, 'Belum di Kembalikan'),
(7, 5, 5, '2024-02-26', NULL, 'Belum di Kembalikan'),
(8, 1, 5, '2024-02-27', NULL, 'Belum di Kembalikan'),
(9, 1, 5, '2024-02-27', NULL, 'Belum di Kembalikan');

-- --------------------------------------------------------

--
-- Table structure for table `ulasanbuku`
--

CREATE TABLE `ulasanbuku` (
  `UlasanID` int(11) NOT NULL,
  `UserID` int(11) NOT NULL,
  `BukuID` int(11) NOT NULL,
  `Ulasan` text DEFAULT NULL,
  `Rating` int(11) DEFAULT NULL
) ENGINE=InnoDB DEFAULT CHARSET=utf8mb4 COLLATE=utf8mb4_general_ci;

--
-- Dumping data for table `ulasanbuku`
--

INSERT INTO `ulasanbuku` (`UlasanID`, `UserID`, `BukuID`, `Ulasan`, `Rating`) VALUES
(1, 1, 1, 'mantap', 5),
(2, 4, 1, 'Bagus', 4),
(3, 5, 1, 'Lumayan', 3);

-- --------------------------------------------------------

--
-- Table structure for table `users`
--

CREATE TABLE `users` (
  `UserID` int(11) NOT NULL,
  `Username` varchar(255) DEFAULT NULL,
  `Password` varchar(255) DEFAULT NULL,
  `Email` varchar(255) DEFAULT NULL,
  `NamaLengkap` varchar(255) DEFAULT NULL,
  `Alamat` text DEFAULT NULL,
  `Role` enum('Administrator','Petugas','Peminjam') DEFAULT NULL
) ENGINE=InnoDB DEFAULT CHARSET=utf8mb4 COLLATE=utf8mb4_general_ci;

--
-- Dumping data for table `users`
--

INSERT INTO `users` (`UserID`, `Username`, `Password`, `Email`, `NamaLengkap`, `Alamat`, `Role`) VALUES
(1, 'ozi', '$2y$10$Iyip4gUlkL/X.c45PGgMx.Vw3CjmfUtBVxDYpwzyONDoe4FCiKq1a', 'ozi@gmail.com', 'Parozi', 'Simpangkatis', 'Peminjam'),
(2, 'admin', '$2y$10$vd.TgR3EN6SeMk31IHCfie51SZLB50IuDqjE50KQb9hOwWgNkmFNG', 'admin@gmail.com', 'Administrator', 'Simpangkatis', 'Administrator'),
(4, 'dika', '$2y$10$lPin8oBK1kxYmbPzqTKH9OsZ1X242FtWq6KJNh0ETrnX/N0zdR.JO', 'dika@gmail.com', 'Andika', 'Simpangkatis', 'Peminjam'),
(5, 'abi', '$2y$10$/Yta418YMFpVtNgw8eSYcecihVZnZyr5OSpjdrLXv0bq/3ab6tWx2', 'abi@gmail.com', 'Abi', 'Kerakas', 'Peminjam'),
(6, 'petugas', '$2y$10$.i2/aZziZK4QAF1/4U7VTu4n4yLeOP6faWzVmxzkX/ruwhAZcyNKa', 'petugas@gmail.com', 'Petugas 1', 'Terak', 'Petugas');

--
-- Indexes for dumped tables
--

--
-- Indexes for table `buku`
--
ALTER TABLE `buku`
  ADD PRIMARY KEY (`BukuID`);

--
-- Indexes for table `kategoribuku`
--
ALTER TABLE `kategoribuku`
  ADD PRIMARY KEY (`KategoriID`);

--
-- Indexes for table `kategoribuku_relasi`
--
ALTER TABLE `kategoribuku_relasi`
  ADD PRIMARY KEY (`KategoriBukuID`),
  ADD KEY `BukuID` (`BukuID`),
  ADD KEY `KategoriID` (`KategoriID`);

--
-- Indexes for table `koleksipribadi`
--
ALTER TABLE `koleksipribadi`
  ADD PRIMARY KEY (`KoleksiID`),
  ADD KEY `UserID` (`UserID`),
  ADD KEY `BukuID` (`BukuID`);

--
-- Indexes for table `peminjaman`
--
ALTER TABLE `peminjaman`
  ADD PRIMARY KEY (`PeminjamanID`),
  ADD KEY `UserID` (`UserID`),
  ADD KEY `BukuID` (`BukuID`);

--
-- Indexes for table `ulasanbuku`
--
ALTER TABLE `ulasanbuku`
  ADD PRIMARY KEY (`UlasanID`),
  ADD KEY `UserID` (`UserID`),
  ADD KEY `BukuID` (`BukuID`);

--
-- Indexes for table `users`
--
ALTER TABLE `users`
  ADD PRIMARY KEY (`UserID`),
  ADD UNIQUE KEY `Username` (`Username`);

--
-- AUTO_INCREMENT for dumped tables
--

--
-- AUTO_INCREMENT for table `buku`
--
ALTER TABLE `buku`
  MODIFY `BukuID` int(11) NOT NULL AUTO_INCREMENT, AUTO_INCREMENT=10;

--
-- AUTO_INCREMENT for table `kategoribuku`
--
ALTER TABLE `kategoribuku`
  MODIFY `KategoriID` int(11) NOT NULL AUTO_INCREMENT, AUTO_INCREMENT=6;

--
-- AUTO_INCREMENT for table `kategoribuku_relasi`
--
ALTER TABLE `kategoribuku_relasi`
  MODIFY `KategoriBukuID` int(11) NOT NULL AUTO_INCREMENT, AUTO_INCREMENT=7;

--
-- AUTO_INCREMENT for table `koleksipribadi`
--
ALTER TABLE `koleksipribadi`
  MODIFY `KoleksiID` int(11) NOT NULL AUTO_INCREMENT, AUTO_INCREMENT=10;

--
-- AUTO_INCREMENT for table `peminjaman`
--
ALTER TABLE `peminjaman`
  MODIFY `PeminjamanID` int(11) NOT NULL AUTO_INCREMENT, AUTO_INCREMENT=10;

--
-- AUTO_INCREMENT for table `ulasanbuku`
--
ALTER TABLE `ulasanbuku`
  MODIFY `UlasanID` int(11) NOT NULL AUTO_INCREMENT, AUTO_INCREMENT=4;

--
-- AUTO_INCREMENT for table `users`
--
ALTER TABLE `users`
  MODIFY `UserID` int(11) NOT NULL AUTO_INCREMENT, AUTO_INCREMENT=8;

--
-- Constraints for dumped tables
--

--
-- Constraints for table `kategoribuku_relasi`
--
ALTER TABLE `kategoribuku_relasi`
  ADD CONSTRAINT `kategoribuku_relasi_ibfk_1` FOREIGN KEY (`BukuID`) REFERENCES `buku` (`BukuID`) ON DELETE CASCADE,
  ADD CONSTRAINT `kategoribuku_relasi_ibfk_2` FOREIGN KEY (`KategoriID`) REFERENCES `kategoribuku` (`KategoriID`) ON DELETE CASCADE;

--
-- Constraints for table `koleksipribadi`
--
ALTER TABLE `koleksipribadi`
  ADD CONSTRAINT `koleksipribadi_ibfk_1` FOREIGN KEY (`UserID`) REFERENCES `users` (`UserID`) ON DELETE CASCADE,
  ADD CONSTRAINT `koleksipribadi_ibfk_2` FOREIGN KEY (`BukuID`) REFERENCES `buku` (`BukuID`) ON DELETE CASCADE;

--
-- Constraints for table `peminjaman`
--
ALTER TABLE `peminjaman`
  ADD CONSTRAINT `peminjaman_ibfk_1` FOREIGN KEY (`UserID`) REFERENCES `users` (`UserID`) ON DELETE CASCADE,
  ADD CONSTRAINT `peminjaman_ibfk_2` FOREIGN KEY (`BukuID`) REFERENCES `buku` (`BukuID`) ON DELETE CASCADE;

--
-- Constraints for table `ulasanbuku`
--
ALTER TABLE `ulasanbuku`
  ADD CONSTRAINT `ulasanbuku_ibfk_1` FOREIGN KEY (`UserID`) REFERENCES `users` (`UserID`) ON DELETE CASCADE,
  ADD CONSTRAINT `ulasanbuku_ibfk_2` FOREIGN KEY (`BukuID`) REFERENCES `buku` (`BukuID`) ON DELETE CASCADE;
COMMIT;

/*!40101 SET CHARACTER_SET_CLIENT=@OLD_CHARACTER_SET_CLIENT */;
/*!40101 SET CHARACTER_SET_RESULTS=@OLD_CHARACTER_SET_RESULTS */;
/*!40101 SET COLLATION_CONNECTION=@OLD_COLLATION_CONNECTION */;
